﻿<xml>

<dir>
<title>[COLOR FFff8000][B]»»»PLAY[/COLOR] [COLOR FFff8000]TV »»» [/B][/COLOR]</title>
<link>http://otv.scienceontheweb.net/lists/Listebazakodiiiiv</link>

<thumbnail>https://www.pngitem.com/pimgs/m/433-4333163_watch-clipart-tv-addiction-live-tv-hd-logo.png</thumbnail>
<fanart>https://www.pngitem.com/pimgs/m/433-4333163_watch-clipart-tv-addiction-live-tv-hd-logo.png</fanart>
</dir>



<dir>
<title>[COLOR FFff8000][B]»»»»»PLAY[/COLOR] [COLOR FFff8000]MEDIA(Muzica-Filme-Desene)»»»»»[/B][/COLOR]</title>
<link>https://pastebin.com/raw/dWinx78T</link>
<thumbnail>https://static4.libertatea.ro/wp-content/uploads/2019/07/entertainment-muzica-si-filme.jpg</thumbnail>
<fanart>https://static4.libertatea.ro/wp-content/uploads/2019/07/entertainment-muzica-si-filme.jpg</fanart>
    
</dir> 

<dir>
<title>[COLOR FFff8000][B]»»»»»PLAY [/COLOR] [COLOR FFff8000]Addons Kodi»»»»»[/B][/COLOR]</title>
<link>https://raw.githubusercontent.com/stefan-stefan/filme-online/master/.gitignore/addonurii.m3u</link>
<thumbnail>https://i.pinimg.com/474x/49/8c/67/498c675b33bd5f423c70c89d075b3b20.jpg</thumbnail>
<fanart>https://i.pinimg.com/474x/49/8c/67/498c675b33bd5f423c70c89d075b3b20.jpg</fanart>
</dir>

<dir>
<title>[COLOR FFff8000][B]»»»»»INVATA»»[/COLOR] [COLOR FFff8000]»»LINUX»»»»»[/B][/COLOR]</title>
<link>https://raw.githubusercontent.com/stefan-stefan/filme-online/master/.gitignore/linux.m3u</link>
<thumbnail>https://sites.google.com/a/thantong.ac.th/linuks/_/rsrc/1470037110779/kar-chi-ngan-linux/22.jpg</thumbnail>
<fanart>https://sites.google.com/a/thantong.ac.th/linuks/_/rsrc/1470037110779/kar-chi-ngan-linux/22.jpg</fanart>
</dir>

<dir>
<title>[COLOR FFff8000][B]»»»»»Fishing[/COLOR] [COLOR FFff8000]Hunting»»»»»[/B][/COLOR]</title>
<link>https://raw.githubusercontent.com/stefan-stefan/filme-online/master/pescuit.m3u</link>
<thumbnail>https://ro.kingofsat.net/jpg/fishing-hunting.jpg</thumbnail>
<fanart>https://ro.kingofsat.net/jpg/fishing-hunting.jpg</fanart>
</dir>

<dir>
    <title>[COLOR FFff8000][B]»»»»»DOCUMENTARE[/COLOR] [COLOR blue](Delta Dunarii)»»»»»[/B][/COLOR]</title>
    <link>https://raw.githubusercontent.com/stefan-stefan/filme-online/master/.gitignore/dovumentare.m3u</link>
<thumbnail>https://www.filmedocumentare.com/wp-content/uploads/2017/05/DESCOPERA-ROMANIA-SALBATICA-delta-dunarii.jpg</thumbnail>
    <fanart>https://www.filmedocumentare.com/wp-content/uploads/2017/05/DESCOPERA-ROMANIA-SALBATICA-delta-dunarii.jpg</fanart>

</dir>





</xml>