<?xml version="1.0" encoding="UTF-8" standalone="yes"?>

                   <!--// Stefan Wizard \\-->

<addon id="plugin.program.stefanbuildro" name="[B][COLOR red][COLOR blue]Stefan Wizard[COLOR red][/COLOR][/B]" version="1.1.1" provider-name="[B][COLOR blue]Stefan[/COLOR][/B]">.
  <requires>
    <import addon="xbmc.python" version="2.1.0"/>
  </requires>
  <extension point="xbmc.python.pluginsource" library="default.py">
        <provides>executable</provides>
  </extension>
  <extension point="xbmc.service" library="startup.py" start="startup" />
  <extension point="xbmc.addon.metadata">
    <summary lang="en">[B][COLOR red][COLOR blue]Stefan Wizard[COLOR red][/COLOR][/B]</summary>
    <description lang="en">[B][COLOR red][COLOR FFff8000]Bucurati-va de Stefan Wizard[COLOR red][/COLOR][/B]...</description>
    <platform>all</platform>
	<website>https://archive.org/</website>
  </extension>
</addon>
