<?xml version="1.0" encoding="UTF-8" standalone="yes"?>
    
                  <!--// Al8inA Wizard \\-->      
					
<addon id="plugin.program.al8inabuild" name="[COLOR orangered]Al8inA Wizard[/COLOR]" version="1.0.4" provider-name="[COLOR orangered]Bee Queen[/COLOR]">
  <requires>
    <import addon="xbmc.python" version="2.1.0"/>
  </requires>
  <extension point="xbmc.python.pluginsource" library="default.py">
        <provides>executable</provides>
  </extension>
  <extension point="xbmc.service" library="startup.py" start="startup" />
  <extension point="xbmc.addon.metadata">
    <summary lang="en">Al8inA Wizard</summary>
    <description lang="en">[COLOR orangered]Bee Queen[/COLOR]</description>
    <platform>all</platform>
	<website>https://www.documentarys.do.am</website>
  </extension>
</addon>