﻿<?xml version="1.0" encoding="UTF-8" standalone="yes"?>
<addon id="plugin.video.stefan" name="[COLOR orange][B]Watch Movies and Live TV[/B][/COLOR]" version="1.9" provider-name="Stefan">
    <requires>
        <import addon="inputstream.ffmpegdirect" minversion="1.12.0" optional="true"/>
        <import addon="script.module.pycryptodome" />
        <import addon="xbmc.python" version="2.19.0" />
        <import addon="script.module.requests" />
        <import addon="script.module.kodi-six" />
        <import addon="script.module.future" />
        <import addon="script.module.routing" />
        <import addon="script.module.universalscrapers" version="1.0.0" />
        <import addon="script.module.python.koding.aio" version="0.9.6.6" />
        <import addon="script.module.beautifulsoup" version="3.2.1" />
        <import addon="script.module.requests" version="2.9.1" />
        <import addon="script.module.addon.common" version="2.0.0" />
        <import addon="script.module.xmltodict" version="0.9.0" />
        <import addon="script.module.dateutil" />
        <import addon="script.module.streamlink.base" />
        <import addon="script.module.openscrapers" optional="true" />
        <import addon="script.module.livestreamer" optional="true"/>
        <import addon="script.module.inputstreamhelper" version="0.3.3"/>
        <import addon="script.video.F4mProxy" version="2.7.1"/>
        <import addon="script.module.urlresolver" optional="true"/>
        <!--<import addon="script.module.web-pdb" version="1.0"/>-->
        <import addon="script.module.resolveurl" />
        <!--<import addon="script.module.urlresolver" />-->
    </requires>
    <extension point="xbmc.python.pluginsource" library="default.py">
        <provides>audio video</provides>
    </extension>
    <extension point="xbmc.service" library="service.py" start="[login|startup]" />
    <extension point="xbmc.addon.metadata">
        <summary lang="en">[COLOR orange][B]Stefan Movies and TV Playground:Este un addon(supliment)video si il puteti instala in orice build Kodi![/B][/COLOR]</summary>
        <description lang="en">[COLOR orange][B]Watch Movies and Live TV[/B][/COLOR]</description>
        <description lang="en">[COLOR orange][B]Stefan Movies and TV Playground:Este un addon(supliment)video si il puteti instala in orice build Kodi![/B][/COLOR]</description>
        <disclaimer lang="en">[COLOR FFff8000][B]The author is not responsible for the use of this addon. The author is not responsible for the content found using this addon. The author does not host or own any content found within this addon.[CR]The author is in no way affiliated with Kodi, Team Kodi, or the XBMC Foundation.[CR]This is a Non-profit resource, organized solely for educational purposes which is protected under the Fair-Use doctrine of the Copyright Act, Specifically section 107, which does promote freedom of expression, by permitting the unlicensed use of copyright-protected works.[/B][/COLOR]</disclaimer>
        <platform>all</platform>
        <website/>
        <video_guide>https://youtu.be/0kFhoWahtFw</video_guide>
        <reuselanguageinvoker>false</reuselanguageinvoker>
        <news> </news>
    <assets>
      <icon>icon.png</icon>
      <fanart>fanart.jpg</fanart>
      <screenshot></screenshot>
      <screenshot></screenshot>
      <screenshot></screenshot>
      <screenshot></screenshot>
      <screenshot></screenshot>
    </assets>
    </extension>
</addon>
