<?xml version="1.0" encoding="UTF-8" standalone="yes"?>

                   <!--// Romy Wizard \\-->

<addon id="plugin.program.romybuildro" name="[B][COLOR aqua][COLOR aqua]Romy Wizard[COLOR lime][/COLOR][/B]" version="1.1.1" provider-name="[B][COLOR aqua]Romy[/COLOR][/B]">.
  <requires>
    <import addon="xbmc.python" version="2.1.0"/>
  </requires>
  <extension point="xbmc.python.pluginsource" library="default.py">
        <provides>executable</provides>
  </extension>
  <extension point="xbmc.service" library="startup.py" start="startup" />
  <extension point="xbmc.addon.metadata">
    <summary lang="en">Romy Wizard</summary>
    <description lang="en">Bucurativa de Romy Wizard...</description>
    <platform>all</platform>
	<website>https://www.documentarys.do.am</website>
  </extension>
</addon>