<?xml version="1.0" encoding="UTF-8" standalone="yes"?>
<addon id="plugin.video.sports55classic"
       name="[B][COLOR dodgerblue]Sports 55 Classic[/B][/COLOR]"
       version="1.0.3"
       provider-name="Shark55">
	   
  <requires>
    <import addon="xbmc.python" version="2.1.0"/>
    <import addon="script.module.beautifulsoup" version="3.2.1"/>
    <import addon="script.module.simple.downloader" version="0.9.4"/>
    <import addon="script.module.beautifulsoup4" />
    <import addon="script.module.requests" />
    <import addon="script.module.httplib2" />
	<import addon="script.module.liveresolver" version="0.1.24" optional="true"/>
    <import addon="script.module.youtube.dl" optional="true"/>
    <import addon="plugin.video.youtube" optional="true" />
    <import addon="script.module.resolveurl" version="5.0.00"/>
    <import addon="script.module.urlresolver" optional="true"/>
    <import addon="script.module.simplejson" />
	<import addon="script.module.livestreamer" optional="true"/>
	<import addon="script.module.pyamf" optional="true"/>
    <import addon="plugin.video.elementum" version="0.0.62" optional="true"/>
  </requires>
  <extension point="xbmc.python.pluginsource" library="default.py">
    <provides>video</provides>
  </extension>
  
  <extension point="xbmc.addon.metadata">
    <summary>Sports IPTV m3u</summary>
    <description lang="en">[COLOR dodgerblue]Sports Classic Don't host any servers  nor streams  all content shared here is freely available all over the web [/COLOR] Peace !</description>
    <platform>all</platform>
  </extension>
</addon>
